"","higher_taxon","Family","n_missing"
"1","Raphidioptera","Raphidiidae",0
"2","Siphonaptera","Ceratophyllidae",0
"3","Siphonaptera","Hystrichopsyllidae",0
"4","Strepsiptera","Elenchidae",0
"5","Strepsiptera","Halictophagidae",0
"6","Strepsiptera","Stylopidae",0
"7","Blattodea","Blaberidae",2
"8","Blattodea","Blattidae",2
"9","Blattodea","Ectobiidae",2
"10","Coleoptera","Carabidae",0
"11","Coleoptera","Dytiscidae",0
"12","Coleoptera","Aderidae",0
"13","Coleoptera","Agyrtidae",0
"14","Coleoptera","Anobiidae",0
"15","Coleoptera","Anthicidae",0
"16","Coleoptera","Anthribidae",0
"17","Coleoptera","Attelabidae",0
"18","Coleoptera","Bostrichidae",0
"19","Coleoptera","Brentidae",2
"20","Coleoptera","Buprestidae",0
"21","Coleoptera","Byrrhidae",0
"22","Coleoptera","Byturidae",0
"23","Coleoptera","Cantharidae",0
"24","Coleoptera","Cerambycidae",0
"25","Coleoptera","Cerylonidae",0
"26","Coleoptera","Chrysomelidae",0
"27","Coleoptera","Ciidae",0
"28","Coleoptera","Clambidae",0
"29","Coleoptera","Cleridae",0
"30","Coleoptera","Coccinellidae",0
"31","Coleoptera","Corylophidae",0
"32","Coleoptera","Cryptophagidae",0
"33","Coleoptera","Curculionidae",0
"34","Coleoptera","Dermestidae",0
"35","Coleoptera","Drilidae",0
"36","Coleoptera","Elateridae",0
"37","Coleoptera","Endomychidae",0
"38","Coleoptera","Erotylidae",0
"39","Coleoptera","Eucnemidae",0
"40","Coleoptera","Geotrupidae",0
"41","Coleoptera","Helophoridae",0
"42","Coleoptera","Heteroceridae",0
"43","Coleoptera","Histeridae",0
"44","Coleoptera","Hydraenidae",0
"45","Coleoptera","Hydrophilidae",0
"46","Coleoptera","Kateretidae",0
"47","Coleoptera","Laemophloeidae",0
"48","Coleoptera","Lampyridae",0
"49","Coleoptera","Latridiidae",0
"50","Coleoptera","Leiodidae",0
"51","Coleoptera","Lucanidae",0
"52","Coleoptera","Lycidae",0
"53","Coleoptera","Lymexylidae",0
"54","Coleoptera","Melandryidae",0
"55","Coleoptera","Meloidae",0
"56","Coleoptera","Melyridae",1
"57","Coleoptera","Monotomidae",0
"58","Coleoptera","Mordellidae",0
"59","Coleoptera","Mycetophagidae",0
"60","Coleoptera","Nemonychidae",0
"61","Coleoptera","Nitidulidae",0
"62","Coleoptera","Oedemeridae",0
"63","Coleoptera","Orsodacnidae",0
"64","Coleoptera","Phalacridae",0
"65","Coleoptera","Phloiophilidae",0
"66","Coleoptera","Ptiliidae",0
"67","Coleoptera","Ptinidae",0
"68","Coleoptera","Pyrochroidae",0
"69","Coleoptera","Pythidae",0
"70","Coleoptera","Ripiphoridae",2
"71","Coleoptera","Salpingidae",0
"72","Coleoptera","Scarabaeidae",0
"73","Coleoptera","Scirtidae",0
"74","Coleoptera","Scraptiidae",0
"75","Coleoptera","Silphidae",0
"76","Coleoptera","Silvanidae",0
"77","Coleoptera","Sphindidae",0
"78","Coleoptera","Staphylinidae",0
"79","Coleoptera","Staphylinidae",0
"80","Coleoptera","Staphylinidae",0
"81","Coleoptera","Staphylinidae",0
"82","Coleoptera","Staphylinidae",0
"83","Coleoptera","Staphylinidae",0
"84","Coleoptera","Staphylinidae",0
"85","Coleoptera","Staphylinidae",0
"86","Coleoptera","Staphylinidae",0
"87","Coleoptera","Staphylinidae",0
"88","Coleoptera","Staphylinidae",0
"89","Coleoptera","Staphylinidae",0
"90","Coleoptera","Staphylinidae",0
"91","Coleoptera","Staphylinidae",0
"92","Coleoptera","Staphylinidae",0
"93","Coleoptera","Staphylinidae",0
"94","Coleoptera","Staphylinidae",0
"95","Coleoptera","Staphylinidae",0
"96","Coleoptera","Tenebrionidae",0
"97","Coleoptera","Tetratomidae",0
"98","Coleoptera","Throscidae",0
"99","Coleoptera","Trogossitidae",0
"100","Coleoptera","Zopheridae",0
"101","Collembola","Entomobryidae",0
"102","Collembola","Hypogastruridae",0
"103","Collembola","Isotomidae",0
"104","Collembola","Neanuridae",0
"105","Collembola","Neelidae",0
"106","Collembola","Onychiuridae",0
"107","Collembola","Sminthuridae",0
"108","Collembola","Tomoceridae",0
"109","Dermaptera","Forficulidae",0
"110","Diplura","Campodeidae",0
"111","Diptera","Acartophthalmidae",0
"112","Diptera","Acroceridae",0
"113","Diptera","Agromyzidae",0
"114","Diptera","Anisopodidae",0
"115","Diptera","Anthomyiidae",0
"116","Diptera","Anthomyzidae",0
"117","Diptera","Asilidae",0
"118","Diptera","Asteiidae",0
"119","Diptera","Atelestidae",1
"120","Diptera","Aulacigastridae",0
"121","Diptera","Bibionidae",0
"122","Diptera","Bombyliidae",0
"123","Diptera","Calliphoridae",0
"124","Diptera","Carnidae",0
"125","Diptera","Cecidomyiidae",0
"126","Diptera","Ceratopogonidae",0
"127","Diptera","Chaoboridae",0
"128","Diptera","Chironomidae",0
"129","Diptera","Chloropidae",0
"130","Diptera","Chyromyidae",0
"131","Diptera","Clusiidae",0
"132","Diptera","Coelopidae",0
"133","Diptera","Conopidae",0
"134","Diptera","Culicidae",0
"135","Diptera","Diadocidiidae",0
"136","Diptera","Dixidae",0
"137","Diptera","Dolichopodidae",0
"138","Diptera","Drosophilidae",0
"139","Diptera","Dryomyzidae",0
"140","Diptera","Empididae",0
"141","Diptera","Ephydridae",0
"142","Diptera","Fanniidae",0
"143","Diptera","Hippoboscidae",0
"144","Diptera","Hybotidae",0
"145","Diptera","Keroplatidae",0
"146","Diptera","Lauxaniidae",0
"147","Diptera","Lonchaeidae",0
"148","Diptera","Lonchopteridae",0
"149","Diptera","Micropezidae",0
"150","Diptera","Milichiidae",0
"151","Diptera","Muscidae",0
"152","Diptera","Mycetophilidae",0
"153","Diptera","Mythicomyiidae",0
"154","Diptera","Odiniidae",0
"155","Diptera","Oestridae",0
"156","Diptera","Opomyzidae",0
"157","Diptera","Pachyneuridae",0
"158","Diptera","Pallopteridae",0
"159","Diptera","Periscelididae",0
"160","Diptera","Phoridae",0
"161","Diptera","Piophilidae",0
"162","Diptera","Pipunculidae",0
"163","Diptera","Platypezidae",0
"164","Diptera","Platystomatidae",0
"165","Diptera","Psilidae",0
"166","Diptera","Psychodidae",0
"167","Diptera","Ptychopteridae",0
"168","Diptera","Rhagionidae",0
"169","Diptera","Rhinophoridae",0
"170","Diptera","Sarcophagidae",0
"171","Diptera","Scathophagidae",0
"172","Diptera","Scatopsidae",0
"173","Diptera","Scenopinidae",0
"174","Diptera","Sciaridae",0
"175","Diptera","Sciomyzidae",0
"176","Diptera","Sepsidae",0
"177","Diptera","Simuliidae",0
"178","Diptera","Sphaeroceridae",0
"179","Diptera","Stratiomyidae",0
"180","Diptera","Strongylophthalmyiidae",0
"181","Diptera","Syrphidae",0
"182","Diptera","Tabanidae",0
"183","Diptera","Tachinidae",0
"184","Diptera","Tephritidae",0
"185","Diptera","Thaumaleidae",0
"186","Diptera","Therevidae",0
"187","Diptera","Tipulidae",0
"188","Diptera","Trichoceridae",0
"189","Diptera","Ulidiidae",0
"190","Diptera","Xylomyidae",0
"191","Diptera","Xylophagidae",0
"192","Ephemeroptera","Ameletidae",0
"193","Ephemeroptera","Baetidae",0
"194","Ephemeroptera","Caenidae",0
"195","Ephemeroptera","Ephemerellidae",0
"196","Ephemeroptera","Ephemeridae",0
"197","Ephemeroptera","Heptageniidae",0
"198","Ephemeroptera","Leptophlebiidae",0
"199","Ephemeroptera","Metretopodidae",0
"200","Ephemeroptera","Siphlonuridae",0
"201","Hemiptera","Acanthosomatidae",0
"202","Hemiptera","Achilidae",0
"203","Hemiptera","Anthocoridae",0
"204","Hemiptera","Aradidae",0
"205","Hemiptera","Berytidae",0
"206","Hemiptera","Cicadellidae",0
"207","Hemiptera","Cimicidae",0
"208","Hemiptera","Cixiidae",0
"209","Hemiptera","Coreidae",0
"210","Hemiptera","Cydnidae",0
"211","Hemiptera","Delphacidae",0
"212","Hemiptera","Flatidae",2
"213","Hemiptera","Fulgoridae",2
"214","Hemiptera","Gerridae",0
"215","Hemiptera","Lygaeidae",0
"216","Hemiptera","Membracidae",0
"217","Hemiptera","Microphysidae",0
"218","Hemiptera","Miridae",0
"219","Hemiptera","Nabidae",0
"220","Hemiptera","Naucoridae",0
"221","Hemiptera","Pentatomidae",0
"222","Hemiptera","Piesmatidae",0
"223","Hemiptera","Pyrrhocoridae",0
"224","Hemiptera","Reduviidae",0
"225","Hemiptera","Rhopalidae",0
"226","Hemiptera","Saldidae",0
"227","Hemiptera","Scutelleridae",0
"228","Hemiptera","Tingidae",0
"229","Hymenoptera","Ampulicidae",0
"230","Hymenoptera","Andrenidae",0
"231","Hymenoptera","Aphelinidae",0
"232","Hymenoptera","Apidae",0
"233","Hymenoptera","Argidae",0
"234","Hymenoptera","Aulacidae",0
"235","Hymenoptera","Bethylidae",0
"236","Hymenoptera","Braconidae",0
"237","Hymenoptera","Braconidae",0
"238","Hymenoptera","Braconidae",0
"239","Hymenoptera","Braconidae",0
"240","Hymenoptera","Braconidae",0
"241","Hymenoptera","Braconidae",0
"242","Hymenoptera","Braconidae",0
"243","Hymenoptera","Braconidae",0
"244","Hymenoptera","Braconidae",0
"245","Hymenoptera","Braconidae",0
"246","Hymenoptera","Braconidae",0
"247","Hymenoptera","Braconidae",0
"248","Hymenoptera","Braconidae",0
"249","Hymenoptera","Braconidae",0
"250","Hymenoptera","Braconidae",0
"251","Hymenoptera","Braconidae",0
"252","Hymenoptera","Braconidae",0
"253","Hymenoptera","Braconidae",0
"254","Hymenoptera","Braconidae",0
"255","Hymenoptera","Braconidae",0
"256","Hymenoptera","Braconidae",0
"257","Hymenoptera","Braconidae",0
"258","Hymenoptera","Braconidae",0
"259","Hymenoptera","Braconidae",0
"260","Hymenoptera","Braconidae",0
"261","Hymenoptera","Braconidae",0
"262","Hymenoptera","Braconidae",0
"263","Hymenoptera","Braconidae",0
"264","Hymenoptera","Braconidae",0
"265","Hymenoptera","Cephidae",0
"266","Hymenoptera","Ceraphronidae",0
"267","Hymenoptera","Chalcididae",0
"268","Hymenoptera","Chrysididae",0
"269","Hymenoptera","Cimbicidae",0
"270","Hymenoptera","Colletidae",0
"271","Hymenoptera","Crabronidae",0
"272","Hymenoptera","Cynipidae",0
"273","Hymenoptera","Diapriidae",0
"274","Hymenoptera","Diprionidae",0
"275","Hymenoptera","Encyrtidae",0
"276","Hymenoptera","Eulophidae",0
"277","Hymenoptera","Eupelmidae",0
"278","Hymenoptera","Eurytomidae",0
"279","Hymenoptera","Evaniidae",0
"280","Hymenoptera","Figitidae",0
"281","Hymenoptera","Formicidae",0
"282","Hymenoptera","Gasteruptiidae",0
"283","Hymenoptera","Halictidae",0
"284","Hymenoptera","Heloridae",0
"285","Hymenoptera","Ibaliidae",0
"286","Hymenoptera","Ichneumonidae",0
"287","Hymenoptera","Ichneumonidae",0
"288","Hymenoptera","Ichneumonidae",0
"289","Hymenoptera","Ichneumonidae",0
"290","Hymenoptera","Ichneumonidae",0
"291","Hymenoptera","Ichneumonidae",0
"292","Hymenoptera","Ichneumonidae",0
"293","Hymenoptera","Ichneumonidae",0
"294","Hymenoptera","Ichneumonidae",0
"295","Hymenoptera","Ichneumonidae",0
"296","Hymenoptera","Ichneumonidae",0
"297","Hymenoptera","Ichneumonidae",0
"298","Hymenoptera","Ichneumonidae",0
"299","Hymenoptera","Ichneumonidae",1
"300","Hymenoptera","Ichneumonidae",0
"301","Hymenoptera","Ichneumonidae",0
"302","Hymenoptera","Ichneumonidae",0
"303","Hymenoptera","Ichneumonidae",0
"304","Hymenoptera","Ichneumonidae",0
"305","Hymenoptera","Ichneumonidae",0
"306","Hymenoptera","Ichneumonidae",0
"307","Hymenoptera","Ichneumonidae",0
"308","Hymenoptera","Ichneumonidae",0
"309","Hymenoptera","Ichneumonidae",0
"310","Hymenoptera","Ichneumonidae",0
"311","Hymenoptera","Ichneumonidae",1
"312","Hymenoptera","Ichneumonidae",0
"313","Hymenoptera","Ichneumonidae",0
"314","Hymenoptera","Ichneumonidae",0
"315","Hymenoptera","Ichneumonidae",0
"316","Hymenoptera","Ichneumonidae",0
"317","Hymenoptera","Ichneumonidae",0
"318","Hymenoptera","Ichneumonidae",0
"319","Hymenoptera","Megachilidae",0
"320","Hymenoptera","Megaspilidae",0
"321","Hymenoptera","Melittidae",0
"322","Hymenoptera","Mutillidae",0
"323","Hymenoptera","Mymaridae",0
"324","Hymenoptera","Mymarommatidae",1
"325","Hymenoptera","Pamphiliidae",0
"326","Hymenoptera","Perilampidae",0
"327","Hymenoptera","Platygastridae",0
"328","Hymenoptera","Pompilidae",0
"329","Hymenoptera","Proctotrupidae",0
"330","Hymenoptera","Pteromalidae",0
"331","Hymenoptera","Sapygidae",0
"332","Hymenoptera","Scelionidae",0
"333","Hymenoptera","Siricidae",0
"334","Hymenoptera","Sphecidae",0
"335","Hymenoptera","Tenthredinidae",0
"336","Hymenoptera","Tiphiidae",0
"337","Hymenoptera","Torymidae",0
"338","Hymenoptera","Trichogrammatidae",0
"339","Hymenoptera","Vespidae",0
"340","Hymenoptera","Xiphydriidae",0
"341","Hymenoptera","Xyelidae",0
"342","Lepidoptera","Adelidae",0
"343","Lepidoptera","Alucitidae",0
"344","Lepidoptera","Argyresthiidae",0
"345","Lepidoptera","Autostichidae",0
"346","Lepidoptera","Batrachedridae",0
"347","Lepidoptera","Blastobasidae",0
"348","Lepidoptera","Bucculatricidae",0
"349","Lepidoptera","Choreutidae",0
"350","Lepidoptera","Coleophoridae",0
"351","Lepidoptera","Cosmopterigidae",0
"352","Lepidoptera","Cossidae",0
"353","Lepidoptera","Douglasiidae",0
"354","Lepidoptera","Drepanidae",0
"355","Lepidoptera","Elachistidae",0
"356","Lepidoptera","Endromidae",0
"357","Lepidoptera","Eriocraniidae",0
"358","Lepidoptera","Gelechiidae",0
"359","Lepidoptera","Geometridae",0
"360","Lepidoptera","Glyphipterigidae",0
"361","Lepidoptera","Gracillariidae",0
"362","Lepidoptera","Heliozelidae",0
"363","Lepidoptera","Hepialidae",0
"364","Lepidoptera","Hesperiidae",0
"365","Lepidoptera","Incurvariidae",0
"366","Lepidoptera","Lasiocampidae",0
"367","Lepidoptera","Lycaenidae",0
"368","Lepidoptera","Lyonetiidae",0
"369","Lepidoptera","Micropterigidae",0
"370","Lepidoptera","Momphidae",0
"371","Lepidoptera","Nepticulidae",0
"372","Lepidoptera","Noctuidae",0
"373","Lepidoptera","Notodontidae",0
"374","Lepidoptera","Nymphalidae",0
"375","Lepidoptera","Oecophoridae",0
"376","Lepidoptera","Opostegidae",0
"377","Lepidoptera","Pieridae",0
"378","Lepidoptera","Plutellidae",0
"379","Lepidoptera","Psychidae",0
"380","Lepidoptera","Pterophoridae",0
"381","Lepidoptera","Pyralidae",0
"382","Lepidoptera","Roeslerstammiidae",0
"383","Lepidoptera","Saturniidae",0
"384","Lepidoptera","Sesiidae",0
"385","Lepidoptera","Sphingidae",0
"386","Lepidoptera","Tineidae",0
"387","Lepidoptera","Tischeriidae",0
"388","Lepidoptera","Tortricidae",0
"389","Lepidoptera","Urodidae",0
"390","Lepidoptera","Yponomeutidae",0
"391","Lepidoptera","Ypsolophidae",0
"392","Mecoptera","Boreidae",0
"393","Mecoptera","Panorpidae",0
"394","Megaloptera","Sialidae",0
"395","Neuroptera","Chrysopidae",0
"396","Neuroptera","Coniopterygidae",0
"397","Neuroptera","Hemerobiidae",0
"398","Neuroptera","Myrmeleontidae",0
"399","Neuroptera","Sisyridae",0
"400","Odonata","Aeshnidae",0
"401","Odonata","Corduliidae",0
"402","Odonata","Libellulidae",0
"403","Odonata","Coenagrionidae",0
"404","Odonata","Lestidae",0
"405","Odonata","Platycnemididae",0
"406","Orthoptera","Acrididae",0
"407","Orthoptera","Tetrigidae",0
"408","Orthoptera","Gryllidae",0
"409","Orthoptera","Tettigoniidae",0
"410","Plecoptera","Capniidae",0
"411","Plecoptera","Chloroperlidae",0
"412","Plecoptera","Leuctridae",0
"413","Plecoptera","Nemouridae",0
"414","Plecoptera","Perlodidae",0
"415","Plecoptera","Taeniopterygidae",0
"416","Psocoptera","Amphipsocidae",0
"417","Psocoptera","Caeciliusidae",0
"418","Psocoptera","Ectopsocidae",0
"419","Psocoptera","Elipsocidae",0
"420","Psocoptera","Epipsocidae",0
"421","Psocoptera","Lachesillidae",0
"422","Psocoptera","Liposcelididae",0
"423","Psocoptera","Mesopsocidae",0
"424","Psocoptera","Peripsocidae",0
"425","Psocoptera","Philotarsidae",0
"426","Psocoptera","Psocidae",0
"427","Psocoptera","Psyllipsocidae",0
"428","Psocoptera","Stenopsocidae",0
"429","Psocoptera","Trichopsocidae",0
"430","Psocoptera","Trogiidae",0
"431","Thysanoptera","Aeolothripidae",0
"432","Thysanoptera","Thripidae",0
"433","Trichoptera","Apataniidae",0
"434","Trichoptera","Beraeidae",0
"435","Trichoptera","Brachycentridae",0
"436","Trichoptera","Ecnomidae",0
"437","Trichoptera","Glossosomatidae",0
"438","Trichoptera","Goeridae",0
"439","Trichoptera","Hydropsychidae",0
"440","Trichoptera","Hydroptilidae",0
"441","Trichoptera","Lepidostomatidae",0
"442","Trichoptera","Leptoceridae",0
"443","Trichoptera","Limnephilidae",0
"444","Trichoptera","Molannidae",0
"445","Trichoptera","Philopotamidae",0
"446","Trichoptera","Phryganeidae",0
"447","Trichoptera","Polycentropodidae",0
"448","Trichoptera","Psychomyiidae",0
"449","Trichoptera","Rhyacophilidae",0
"450","Trichoptera","Sericostomatidae",0
"451","Zygentoma","Lepismatidae",0
"452","Hemiptera","Aphrophoridae",2
"453","Coleoptera","Apionidae",2
"454","Coleoptera","Malachiidae",2
"455","Coleoptera","Rhynchitidae",2
"456","Dermaptera","Spongiphoridae",2
"457","Dictyoptera","Blattidae",2
"458","Diptera","Bolitophilidae",2
"459","Diptera","Camillidae",2
"460","Diptera","Chamaemyiidae",2
"461","Diptera","Cylindrotomidae",2
"462","Diptera","Diastatidae",3
"463","Diptera","Ditomyiidae",2
"464","Diptera","Heleomyzidae",2
"465","Diptera","Limoniidae",2
"466","Diptera","Megamerinidae",2
"467","Diptera","Opetiidae",2
"468","Diptera","Pediciidae",2
"469","Diptera","Phaeomyiidae",2
"470","Diptera","Tanypezidae",2
"471","Hemiptera","Artheneidae",2
"472","Hemiptera","Blissidae",2
"473","Hemiptera","Cymidae",2
"474","Hemiptera","Heterogastridae",2
"475","Hemiptera","Rhyparochromidae",2
"476","Hymenoptera","Dryinidae",2
"477","Hymenoptera","Ormyridae",2
"478","Hymenoptera","Signiphoridae",2
"479","Lepidoptera","Bedelliidae",2
"480","Lepidoptera","Crambidae",2
"481","Lepidoptera","Epermeniidae",2
"482","Lepidoptera","Erebidae",2
"483","Lepidoptera","Lypusidae",2
"484","Lepidoptera","Nolidae",2
"485","Lepidoptera","Praydidae",2
"486","Lepidoptera","Schreckensteiniidae",2
"487","Lepidoptera","Scythrididae",2
"488","Lepidoptera","Stathmopodidae",2
"489","Hemiptera","Adelgidae",2
"490","Hemiptera","Aleyrodidae",2
"491","Hemiptera","Aphididae",2
"492","Hemiptera","Phylloxeridae",2
"493","Hemiptera","Psyllidae",2
"494","Hemiptera","Triozidae",2
"495","Collembola","Bourletiellidae",2
"496","Collembola","Brachystomellidae",2
"497","Collembola","Dicyrtomidae",2
"498","Collembola","Katiannidae",2
"499","Collembola","Sminthurididae",2
"500","Dictyoptera","Blaberidae",2
"501","Hemiptera","Aphalaridae",2
"502","Hemiptera","Liviidae",2
"503","Hemiptera","Thyreocoridae",2
"504","Coleoptera","Dasytidae",2
"505","Coleoptera","Stenotrachelidae",2
"506","Coleoptera","Dryophthoridae",2
"507","Coleoptera","Megalopodidae",2
"508","Hymenoptera","Azotidae",2
"509","Entomobryomorpha","Entomobryidae",4
"510","Diptera","Polleniidae",4
"511","Opiliones","Phalangiidae",4
"512","Entomobryomorpha","Orchesellidae",4
"513","Psocodea","Caeciliusidae",4
"514","Araneae","Anyphaenidae",4
"515","Psocodea","Peripsocidae",4
"516","Psocodea","Stenopsocidae",4
"517","Symphypleona","Dicyrtomidae",4
"518","Symphypleona","Sminthuridae",4
"519","Psocodea","Elipsocidae",4
"520","Araneae","Tetragnathidae",4
"521","Psocodea","Paracaeciliidae",4
"522","Opiliones","Sclerosomatidae",4
"523","Entomobryomorpha","Tomoceridae",4
"524","Entomobryomorpha","Isotomidae",4
"525","Psocodea","Psocidae",4
"526","Psocodea","Mesopsocidae",4
"527","Araneae","Linyphiidae",4
"528","Araneae","Clubionidae",4
"529","Araneae","Philodromidae",4
"530","Araneae","Araneidae",4
"531","Isopoda","Philosciidae",4
"532","Araneae","Theridiidae",4
"533","Trombidiformes","Bdellidae",4
"534","Psocodea","Ectopsocidae",4
"535","Psocodea","Amphipsocidae",4
"536","Psocodea","Trogiidae",4
"537","Psocodea","Lachesillidae",4
"538","Sarcoptiformes","Oribatulidae",4
"539","Trombidiformes","Anystidae",4
"540","Psocodea","Philotarsidae",4
"541","Araneae","Dictynidae",4
"542","Mesostigmata","Ascidae",4
"543","Araneae","Amaurobiidae",4
"544","Trombidiformes","Erythraeidae",4
"545","Crassiclitellata","Lumbricidae",4
"546","Sarcoptiformes","Galumnidae",4
"547","Poduromorpha","Neanuridae",4
"548","Lithobiomorpha","Lithobiidae",4
"549","Araneae","Pisauridae",4
"550","Mesostigmata","Parasitidae",4
"551","Araneae","Agelenidae",4
"552","Araneae","Sparassidae",4
"553","Poduromorpha","Hypogastruridae",4
"554","Araneae","Miturgidae",4
"555","Soricomorpha","Soricidae",4
"556","Trombidiformes","Trombidiidae",4
"557","Sarcoptiformes","Humerobatidae",4
"558","Symphypleona","Bourletiellidae",4
"559","Trombidiformes","Rhagidiidae",4
"560","Araneae","Cybaeidae",4
"561","Araneae","Lycosidae",4
"562","Araneae","Gnaphosidae",4
"563","Trombidiformes","Eupodidae",4
"564","Isopoda","Porcellionidae",4
"565","Mesostigmata","Melicharidae",4
"566","Araneae","Segestriidae",4
"567","Stylommatophora","Helicidae",4
"568","Isopoda","Armadillidiidae",4
"569","Araneae","Salticidae",4
"570","Trombidiformes","Tydeidae",4
"571","Araneae","Thomisidae",4
"572","Rodentia","Muridae",4
"573","Araneae","Cheiracanthiidae",4
"574","Symphypleona","Katiannidae",4
"575","Julida","Julidae",4
"576","Chordeumatida","Craspedosomatidae",4
"577","Sarcoptiformes","Chamobatidae",4
"578","Trombidiformes","Microtrombidiidae",4
"579","Artiodactyla","Cervidae",4
"580","Trombidiformes","Scutacaridae",4
"581","Trombidiformes","Calyptostomatidae",4
"582","Julida","Nemasomatidae",4
"583","Stylommatophora","Arionidae",4
"584","Araneae","Liocranidae",4
"585","Psocodea","Epipsocidae",4
"586","Polyxenida","Polyxenidae",4
"587","Squamata_X","Lacertidae",4
"588","Mesostigmata","Digamasellidae",4
"589","Sarcoptiformes","Ceratozetidae",4
"590","Geophilomorpha","Geophilidae",4
"591","Psocodea","Trichopsocidae",4
"592","Polydesmida","Polydesmidae",4
"593","Primates","Hominidae",4
"594","Mesostigmata","Blattisociidae",4
"595","Peronosporales","Peronosporaceae",4
"596","Mesostigmata","Halolaelapidae",4
"597","Sarcoptiformes","Cymbaeremaeidae",4
"598","Psocodea","Liposcelididae",4
"599","Trombidiformes","Hydryphantidae",4
"600","Trombidiformes","Hydrodromidae",4
"601","Diptera","Drosdophilidae",4
"602","Artiodactyla","Suidae",4
"603","Julida","Blaniulidae",4
"604","Trombidiformes","Pygmephoridae",4
"605","Mesostigmata","Macrochelidae",4
"606","Mesostigmata","Phytoseiidae",4
"607","Mesostigmata","Laelapidae",4
"608","Sarcoptiformes","Phenopelopidae",4
"609","Sarcoptiformes","Damaeidae",4
"610","Trombidiformes","Arrenuridae",4
"611","Isopoda","Oniscidae",4
"612","Araneae","Uloboridae",4
"613","Hymenoptera","Eumenidae",4
"614","Diptera","Cypselosomatidae",4
"615","Opiliones","Nemastomatidae",4
"616","Sarcoptiformes","Crotoniidae",4
"617","Trombidiformes","Cryptognathidae",4
"618","Sarcoptiformes","Micreremidae",4
"619","Artiodactyla","Bovidae",4
"620","Sarcoptiformes","Hemileiidae",4
"621","Pseudoscorpiones","Neobisiidae",4
"622","Diptera","Ragadidae",4
"623","Sarcoptiformes","Oribatellidae",4
"624","Araneae","Mimetidae",4
"625","Gastropoda_X","Planorbidae",4
"626","Carnivora","Canidae",4
"627","Sarcoptiformes","Liacaridae",4
"628","Trombidiformes","Sperchontidae",4
"629","Rodentia","Cricetidae",4
"630","Sarcoptiformes","Acaridae",4
"631","Galliformes","Phasianidae",4
"632","Poduromorpha","Brachystomellidae",4
"633","Hymenoptera","Masaridae",4
"634","Araneae","Phrurolithidae",4
"635","Trombidiformes","Lebertiidae",4
"636","Araneae","Hahniidae",4
"637","Trombidiformes","Pionidae",4
"638","Sarcoptiformes","Trhypochthoniidae",4
"639","Sarcoptiformes","Ameronothridae",4
"640","Tricladida","Geoplanidae",4
"641","Diptera","Canthyloscelididae",4
"642","Mesostigmata","Eviphididae",4
"643","Passeriformes","Fringillidae",4
"644","Stylommatophora","Truncatellinidae",4
"645","Sarcoptiformes","Alycidae",4
"646","Columbiformes","Columbidae",4
"647","Sarcoptiformes","Neoliodidae",4
"648","Parachela","Macrobiotidae",4
"649","Trombidiformes","Teutoniidae",4
"650","Perciformes","Zoarcidae",4
"651","Sarcoptiformes","Scheloribatidae",4
"652","Sarcoptiformes","Carabodidae",4
"653","Trombidiformes","Triophtydeidae",4
"654","Hymenoptera","Megastigmidae",4
"655","Anura","Bufonidae",4
"656","Trombidiformes","Hygrobatidae",4
"657","Mesostigmata","Microgyniidae",4
"658","Passeriformes","Sylviidae",4
"659","Sarcoptiformes","Pyroglyphidae",4
"660","Pseudoscorpiones","Chernetidae",4
"661","Psocodea","Psyllipsocidae",4
"662","Trombidiformes","Anisitsiellidae",4
"663","Trombidiformes","Iolinidae",4
"664","Isopoda","Trachelipodidae",4
"665","Passeriformes","Corvidae",4
"666","Enchytraeida","Enchytraeidae",4
"667","Parachela","Hypsibiidae",4
"668","Trombidiformes","Tarsonemidae",4
"669","Peronosporales","Pythiaceae",4
"670","Mesostigmata","Urodinychidae",4
"671","Mesostigmata","Ameroseiidae",4
"672","Symphypleona","Sminthurididae",4
"673","Carnivora","Felidae",4
"674","Sarcoptiformes","Nanorchestidae",4
"675","Sphaeriida","Sphaeriidae",4
"676","Sarcoptiformes","Eremaeidae",4
"677","Anura","Ranidae",4
"678","Mesostigmata","Dinychidae",4
"679","Gruiformes","Gruidae",4
"680","Stylommatophora","Agriolimacidae",4
"681","Trombidiformes","Smarididae",4
"682","Trombidiformes","Unionicolidae",4
"683","Albuginales","Albuginaceae",4
"684","Salmoniformes","Salmonidae",4
"685","Coleoptera","Rhadalidae",4
"686","Trombidiformes","Johnstonianidae",4
"687","Stylommatophora","Limacidae",4
"688","Squamata_X","Viperidae",4
"689","Araneae","Oxyopidae",4
"690","Trombidiformes","Stigmaeidae",4
"691","Sarcoptiformes","Oppiidae",4
"692","Apochela","Milnesiidae",4
"693","Rodentia","Sciuridae",4
"694","Ceramiales","Rhodomelaceae",4
"695","Trombidiformes","Mideopsidae",4
"696","Trombidiformes","Demodecidae",4
"697","Hymenoptera","Orussusidae",4
"698","Accipitriformes","Accipitridae",4
"699","Sarcoptiformes","Phthiracaridae",4
"700","Trombidiformes","Penthaleidae",4
"701","Trombidiformes","Cunaxidae",4
"702","Passeriformes","Phylloscopidae",4
"703","Trombidiformes","Ereynetidae",4
"704","Sarcoptiformes","Punctoribatidae",4
"705","Suliformes","Phalacrocoracidae",4
"706","Poduromorpha","Onychiuridae",4
"707","Gadiformes","Gadidae",4
"708","Sarcoptiformes","Cepheusidae",4
"709","Trombidiformes","Limnesiidae",4
"710","Trombidiformes","Wettinidae",4
"711","Ixodida","Ixodidae",4
"712","Stylommatophora","Vitrinidae",4
"713","Passeriformes","Paridae",4
"714","Mesostigmata","Zerconidae",4
"715","Lumbriculida","Lumbriculidae",4
"716","Diplostraca","Daphniidae",4
"717","Saprolegniales","Leptolegniaceae",4
"718","Symphyla_X","Scutigerellidae",4
"719","Sarcoptiformes","Tectocepheidae",4
"720","Trombidiformes","Torrenticolidae",4
"721","Falconiformes","Falconidae",4
"722","Neelipleona","Neelidae",4
"723","Apodiformes","Apodidae",4
"724","Cypriniformes","Cyprinidae",4
"725","Mesostigmata","Uropodidae",4
"726","Charadriiformes","Scolopacidae",4
"727","Podocopida","Cyprididae",4
"728","Araneae","Pholcidae",4
"729","Passeriformes","Prunellidae",4
"730","Passeriformes","Sittidae",4
"731","Mesostigmata","Varroidae",4
"732","Passeriformes","Passeridae",4
"733","Parachela","Isohypsibiidae",4
"734","Cyclopoida","Cyclopidae",4
"735","Squamata_X","Colubridae",4
"736","Carnivora","Ursidae",4
"737","Sarcoptiformes","Astegistidae",4
"738","Sarcoptiformes","Liebstadiidae",4
"739","Passeriformes","Muscicapidae",4
"740","Diplostraca","Moinidae",4
"741","Tubificida","Naididae",4
"742","Poduromorpha","Tullbergiidae",4
"743","Trombidiformes","Cheyletidae",4
"744","Sarcoptiformes","Brachychthoniidae",4
"745","Sarcoptiformes","Malaconothridae",4
"746","Rhabditida","Onchocercidae",4
"747","Soricomorpha","Talpidae",4
"748","Mesostigmata","Trematuridae",4
"749","Sarcoptiformes","Parakalummidae",4
"750","Clupeiformes","Clupeidae",4
"751","Caudata","Salamandridae",4
"752","Perciformes","Percidae",4
"753","Passeriformes","Regulidae",4
"754","Passeriformes","Emberizidae",4
"755","Sarcoptiformes","Hypochthoniidae",4
"756","Sarcoptiformes","Nothridae",4
"757","Trombidiformes","Eriophyidae",4
"758","Sarcoptiformes","Peloppiidae",4
"759","Passeriformes","Sturnidae",4
"760","Trombidiformes","Athienemanniidae",4
"761","Trombidiformes","Feltriidae",4
"762","Anseriformes","Anatidae",4
"763","Sarcoptiformes","Suctobelbidae",4
"764","Echiniscoidea","Echiniscidae",4
"765","Trombidiformes","Oxidae",4
"766","Polychaeta_X","Capitellidae",4
"767","Stylommatophora","Succineidae",4
"768","Carnivora","Mustelidae",4
"769","Rhabditida","Spirocercidae",4
"770","Isopoda","Trichoniscidae",4
"771","Gastrotricha_XX","Chaetonotidae",4
"772","Trombidiformes","Aturidae",4
"773","Diplostraca","Chydoridae",4
"774","Sarcoptiformes","Hemisarcoptidae",4
"775","Sarcoptiformes","Compactozetidae",4
"776","Mesostigmata","Dermanyssidae",4
"777","Passeriformes","Turdidae",4
"778","Strigiformes","Strigidae",4
"779","Sarcoptiformes","Licneremaeidae",4
"780","Anostraca","Artemiidae",4
"781","Trombidiformes","Trombiculidae",4
"782","Artiodactyla","Camelidae",4
"783","Sarcoptiformes","Hermanniidae",4
"784","Passeriformes","Motacillidae",4
"785","Lagomorpha","Leporidae",4
"786","Perissodactyla","Equidae",4
"787","Dorylaimida","Longidoridae",4
"788","Passeriformes","Tyrannidae",4
"789","Mesostigmata","Pachylaelapidae",4
"790","Saprolegniales","Saprolegniaceae",4
"791","Sarcoptiformes","Carpoglyphidae",4
"792","Sarcoptiformes","Euphthiracaridae",4
"793","Trombidiformes","Phytoptidae",4
"794","Stylommatophora","Valloniidae",4
"795","Scorpaeniformes","Cottidae",4
"796","Sarcoptiformes","Xenillidae",4
"797","Passeriformes","Laniidae",4
"798","Esociformes","Esocidae",4
"799","Passeriformes","Bombycillidae",4
"800","Anthoathecata","Hydridae",4
"801","Stylommatophora","Cochlicopidae",4
"802","Passeriformes","Hirundinidae",4
"803","Sarcoptiformes","Proctophyllodidae",4
"804","Diplostraca","Eurycercidae",4
"805","Rhabditida","Neotylenchidae",4
"806","Sarcoptiformes","Scutoverticidae",4
"807","Decapoda","Astacidae",4
"808","Gasterosteiformes","Gasterosteidae",4
"809","Unionida","Unionidae",4
"810","Stylommatophora","Euconulidae",4
"811","Stylommatophora","Hygromiidae",4
"812","Mesostigmata","Polyaspididae",4
